frequency,Z_real,Z_imag
1000,1.019999,-0.199980
100,2.000000,-2.000000
10,4.980001,-0.199980
